<?xml version="1.0" encoding="UTF-8"?>
<project-private xmlns="http://www.netbeans.org/ns/project-private/1">
    <editor-bookmarks xmlns="http://www.netbeans.org/ns/editor-bookmarks/2" lastBookmarkId="0"/>
    <open-files xmlns="http://www.netbeans.org/ns/projectui-open-files/2">
        <group>
            <file>file:/Users/rafaelsuarez/NetBeansProjects/TempConvertor/src/java/controllers/register.java</file>
            <file>file:/Users/rafaelsuarez/NetBeansProjects/TempConvertor/web/register.jsp</file>
            <file>file:/Users/rafaelsuarez/NetBeansProjects/TempConvertor/src/java/controllers/login.java</file>
            <file>file:/Users/rafaelsuarez/NetBeansProjects/TempConvertor/src/java/Models/users.java</file>
            <file>file:/Users/rafaelsuarez/NetBeansProjects/TempConvertor/web/login.jsp</file>
            <file>file:/Users/rafaelsuarez/NetBeansProjects/TempConvertor/src/java/controllers/convertor.java</file>
            <file>file:/Users/rafaelsuarez/NetBeansProjects/TempConvertor/web/convertor.jsp</file>
            <file>file:/Users/rafaelsuarez/NetBeansProjects/TempConvertor/web/views/result.jsp</file>
        </group>
    </open-files>
</project-private>
